id,title,authors,date,year,venue,topics,uav_relevance,citation_count,sources,arxiv_id,s2_id,openalex_id,doi,abs_url,pdf_url,code_url,project_url,query_source
e55eddcd04e5,CRGWO-DWA: A structured global–local collaborative planning framework for smooth UAV navigation in dynamic environments,Yong He; Qiang Gao; Qing Huang; Boji Huang,2026-05-29,2026,Scientific Reports,Traditional UAV VLN,High,0,OpenAlex,,,https://openalex.org/W7162788929,https://doi.org/10.1038/s41598-026-55898-8,https://doi.org/10.1038/s41598-026-55898-8,https://www.nature.com/articles/s41598-026-55898-8_reference.pdf,,,UAV visual navigation
24616f5d72ec,Knowledge-aware path planning for UAV parcel delivery and road monitoring,Meng Xu; Nikolas Geroliminis,2026-05-29,2026,Transportation Research Part C Emerging Technologies,Traditional UAV VLN,High,0,OpenAlex,,,https://openalex.org/W7162752074,https://doi.org/10.1016/j.trc.2026.105780,https://doi.org/10.1016/j.trc.2026.105780,,,,UAV path planning
cea5c62d109e,A Hierarchical Cooperative Interception Framework for Multi-UAV Defense Against Large-Scale Swarm Intrusions,Lei Zuo; Ying Wang; Jialu Liu; Yu Lu; Ruiwen Gu,2026-05-28,2026,Drones,Traditional UAV VLN,High,0,OpenAlex,,,https://openalex.org/W7162759195,https://doi.org/10.3390/drones10060418,https://doi.org/10.3390/drones10060418,https://doi.org/10.3390/drones10060418,,,UAV path planning
59d2b54741c2,Integrated Exploration-Aware UAV Route Optimization and Path Planning,Jimin Choi; Grant Stagg; Cameron K. Peterson; Max Z. Li,2026-05-27,2026,arXiv,Traditional UAV VLN,High,,,2605.28654v1,,,,https://arxiv.org/abs/2605.28654v1,https://arxiv.org/pdf/2605.28654v1,,,"""UAV"" AND ""path planning"""
c8dbba35fd85,Untitled Ite,Myth Samanta Sarker,2026-05-27,2026,Figshare,Datasets & Simulators,High,0,OpenAlex,,,https://openalex.org/W7162507308,https://doi.org/10.6084/m9.figshare.32414559.v1,https://doi.org/10.6084/m9.figshare.32414559.v1,https://doi.org/10.6084/m9.figshare.32414559.v1,,,UAV world model navigation
a1bbb31e7714,A <i>Comprehensive Study</i> on <b>Unmanned Aerial Vehicles</b> (UAVs),Myth Samanta Sarker,2026-05-27,2026,Figshare,Datasets & Simulators,High,0,OpenAlex,,,https://openalex.org/W7162510803,https://doi.org/10.6084/m9.figshare.32414559,https://doi.org/10.6084/m9.figshare.32414559,https://doi.org/10.6084/m9.figshare.32414559,,,UAV world model navigation
1f32110ff640,"Research and application of lightweight, fully autonomous UAV inspection technology for power distribution lines based on intelligent vision",Yong Li; Wenjie Liu; Jianzhong Li; Yan Song; Xinyi He,2026-05-26,2026,Unknown,Traditional UAV VLN,High,0,OpenAlex,,,https://openalex.org/W7162426003,https://doi.org/10.1117/12.3116217,https://doi.org/10.1117/12.3116217,,,,UAV visual navigation
66d379d531b2,<scp>A</scp> Direction Guided Dung Beetle Optimizer for Cooperative Multi‐ <scp>UAV</scp> Path Planning in Dynamic Environments,Ziyi Wang; Lei Wang; Jingcao Cai; Haoran Xu; Tongbin Zhang; Qiangqiang Xia,2026-05-25,2026,Concurrency and Computation Practice and Experience,Traditional UAV VLN,High,0,OpenAlex,,,https://openalex.org/W7162292626,https://doi.org/10.1002/cpe.70767,https://doi.org/10.1002/cpe.70767,,,,UAV obstacle avoidance
ec3ad0db523e,A Charging‐Aware Hybrid Deep Q‐Learning Framework for Energy‐Efficient Path Planning of a Single UAV,Vikash Chandra Sharma; Saugata Roy,2026-05-24,2026,Concurrency and Computation Practice and Experience,Traditional UAV VLN,High,0,OpenAlex,,,https://openalex.org/W7162303500,https://doi.org/10.1002/cpe.70765,https://doi.org/10.1002/cpe.70765,,,,unmanned aerial vehicle path planning navigation
b4d95cd0df05,"""UAV-RF 3D Rubble Localization Dataset""",Yi Shiqi,2026-05-23,2026,IEEE DataPort,Datasets & Simulators,High,0,OpenAlex,,,https://openalex.org/W7162211974,https://doi.org/10.21227/z952-bf34,https://doi.org/10.21227/z952-bf34,https://doi.org/10.21227/z952-bf34,,,UAV obstacle avoidance
1811811956d3,Guided search and edge YOLO benchmarking for UAV-based maritime vessel inspection: A perception-driven navigation strategy,Zhi-Bo Cao,2026-05-23,2026,Ocean Engineering,Datasets & Simulators,High,0,OpenAlex,,,https://openalex.org/W7162110875,https://doi.org/10.1016/j.oceaneng.2026.126119,https://doi.org/10.1016/j.oceaneng.2026.126119,,,,UAV navigation benchmark
4f28abfd9238,UGV Path Optimization in UAV-Assisted Environments Using Visibility-Aware Path Simplification,Isuru Munasinghe; Asanka Perera; Sreenatha Anavatti; Matt Garratt,2026-05-22,2026,Journal of Sensor and Actuator Networks,Datasets & Simulators,High,0,OpenAlex,,,https://openalex.org/W7162143079,https://doi.org/10.3390/jsan15030041,https://doi.org/10.3390/jsan15030041,https://doi.org/10.3390/jsan15030041,,,UAV semantic map navigation
7e5589a40c47,Real-Time Autonomous UAV Navigation with SLAM-Based Mapping and Direction-Oriented Exploration in Forest-like GNSS-Denied Scenarios,Yuan-Ting Wu; Yi‐Cheng Huang,2026-05-22,2026,Drones,Traditional UAV VLN,High,0,OpenAlex,,,https://openalex.org/W7162081264,https://doi.org/10.3390/drones10060399,https://doi.org/10.3390/drones10060399,https://doi.org/10.3390/drones10060399,,,UAV SLAM navigation
3543015ba8b4,UAV-VLA: Multimodal Vision-Language-Action Pretraining for Autonomous Drone Navigation,Haotian Gu,2026-05-20,2026,Zenodo (CERN European Organization for Nuclear Research),UAV VLA,High,0,OpenAlex,,,https://openalex.org/W7161829627,https://doi.org/10.5281/zenodo.20313605,https://doi.org/10.5281/zenodo.20313605,https://doi.org/10.5281/zenodo.20313605,,,UAV vision-language navigation
294798b8e023,FlyMirage: A Fully Automated Generation Pipeline for Diverse and Scalable UAV Flight Data via Generative World Model,Jinhan Li; Xijie Huang; Zhaoqi Wang; Yijin Wang; Weiqi Ge; Qiyi He; Mo Zhu; Fei Gao; Yuze Wu; Xin Zhou,2026-05-19,2026,arXiv,UAV WAM,High,0,OpenAlex,2605.19600v1,,https://openalex.org/W7161816773,https://doi.org/10.48550/arxiv.2605.19600,https://arxiv.org/abs/2605.19600v1,https://arxiv.org/pdf/2605.19600v1,,,"""aerial VLN"""
4fa1600866a8,CosFly-Track: A Large-Scale Multi-Modal Dataset for UAV Visual Tracking via Multi-Constraint Trajectory Optimization,Xiangyue Wang; Hanxuan Chen; Songsheng Cheng; Ruilong Ren; Jie Zheng; Shuai Yuan; Tianle Zeng; Hanzhong Guo; Kangli Wang; Ji Pei,2026-05-18,2026,arXiv,Datasets & Simulators,High,0,OpenAlex,2605.17776v2,,https://openalex.org/W7161915885,https://doi.org/10.48550/arxiv.2605.17776,https://arxiv.org/abs/2605.17776v2,https://arxiv.org/pdf/2605.17776v2,,,"""aerial vision language navigation"""
7215cf18e30f,WorldVLN: Autoregressive World Action Model for Aerial Vision-Language Navigation,Baining Zhao; Jiacheng Xu; Weicheng Feng; Xin Zhang; Zhaolu Wang; Haoyang Wang; Shilong Ji; Ziyou Wang; Jianjie Fang; Zhiheng Zheng; Weichen Zhang; Yu Shang; Wei Wu; Chen Gao; Xinlei Chen; Yong Li,2026-05-15,2026,arXiv,UAV WAM; Foundations; UAV VLA,High,0,OpenAlex,2605.15964v1,,https://openalex.org/W7161655341,https://doi.org/10.48550/arxiv.2605.15964,https://arxiv.org/abs/2605.15964v1,https://arxiv.org/pdf/2605.15964v1,,,"""WorldVLN"""
a6fc09e5ba26,Safe Aerial 3D Path Planning for Autonomous UAVs using Magnetic Potential Fields,Haechan Mark Bong; Giovanni Beltrame,2026-05-11,2026,arXiv,Traditional UAV VLN,High,,,2605.10880v1,,,,https://arxiv.org/abs/2605.10880v1,https://arxiv.org/pdf/2605.10880v1,,,"""UAV"" AND ""path planning"""
c12181eeac57,Multi-strategy Sea Horse Optimization algorithm for UAV path planning,Amir Seyyedabbasi; Bahman Arasteh; Ahmet Gürhanlı; Jawad Rasheed,2026-05-11,2026,Frontiers in Robotics and AI,Traditional UAV VLN,High,0,OpenAlex,,,https://openalex.org/W7160849416,https://doi.org/10.3389/frobt.2026.1792384,https://doi.org/10.3389/frobt.2026.1792384,https://www.frontiersin.org/journals/robotics-and-ai/articles/10.3389/frobt.2026.1792384/pdf,,,unmanned aerial vehicle language-guided navigation
7697bccde7cd,Urban Air Mobility and Unmanned Aerial Vehicle Path Planning in Dynamic Urban Environments: A Review,Yang Xu; Xiang Lu; Jie Yang; Chuan Sun; Shucai Xu; Zhixiong Li,2026-05-08,2026,Electronics,Traditional UAV VLN,High,0,OpenAlex,,,https://openalex.org/W7160836995,https://doi.org/10.3390/electronics15101998,https://doi.org/10.3390/electronics15101998,https://www.mdpi.com/2079-9292/15/10/1998/pdf?version=1778244279,,,aerial VLN
c7820bcff696,AQGTO: Adaptive Q-Learning-Guided Gorilla Troops Optimizer for 3D UAV Path Planning in Precision Agriculture,Tahar Bendouma; Saida Sarra Boudouh; Chaker Abdelaziz Kerrache; Jorge Herrera-Tapia,2026-05-08,2026,Drones,Traditional UAV VLN,High,0,OpenAlex,,,https://openalex.org/W7160644799,https://doi.org/10.3390/drones10050357,https://doi.org/10.3390/drones10050357,https://www.mdpi.com/2504-446X/10/5/357/pdf?version=1778245321,,,unmanned aerial vehicle instruction following navigation
2263252a0fb1,A Survey of Risk-Calibrated Certifiably Safe and Resource-Aware (RCSR) Path Planning for Unmanned Aerial Vehicles,Nathan Johnson; Sima Shafaei; Andrew Karem; Sayani Sarkar,2026-05-07,2026,Drones,Traditional UAV VLN,High,0,OpenAlex,,,https://openalex.org/W7160552853,https://doi.org/10.3390/drones10050351,https://doi.org/10.3390/drones10050351,https://www.mdpi.com/2504-446X/10/5/351/pdf?version=1778155835,,,aerial VLN
8880a9e13079,Robust Visual SLAM for UAV Navigation in GPS-Denied and Degraded Environments: A Multi-Paradigm Evaluation and Deployment Study,Prasoon Kumar; Akshay Deepak; Sandeep Kumar,2026-05-05,2026,arXiv,Traditional UAV VLN; Datasets & Simulators,High,,,2605.03678v1,,,,https://arxiv.org/abs/2605.03678v1,https://arxiv.org/pdf/2605.03678v1,,,"""UAV"" AND ""SLAM"" AND ""navigation"""
58c24bf02c0f,Dynamic-TD3: A Novel Algorithm for UAV Path Planning with Dynamic Obstacle Trajectory Prediction,Wentao Chen; Jingtang Chen; Mingjian Fu; Tiantian Li; Youfeng Su; Wenxi Liu; Yuanlong Yu,2026-04-30,2026,arXiv,Traditional UAV VLN,High,,,2605.00059v1,,,,https://arxiv.org/abs/2605.00059v1,https://arxiv.org/pdf/2605.00059v1,,,"""UAV"" AND ""path planning"""
408f9df8a289,Dynamic UGV-UAV Cooperative Path Planning in Uncertain Environments,Ninh Nguyen; Srinivas Akella,2026-04-28,2026,ICRA,Traditional UAV VLN,High,,,2604.25267v1,,,,https://arxiv.org/abs/2604.25267v1,https://arxiv.org/pdf/2604.25267v1,,,"""UAV"" AND ""path planning"""
41b34461b9d0,FineCog-Nav: Integrating Fine-grained Cognitive Modules for Zero-shot Multimodal UAV Navigation,Dian Shao; Zhengzheng Xu; Peiyang Wang; Like Liu; Yule Wang; Jieqi Shi; Jing Huo,2026-04-17,2026,CVPR,Datasets & Simulators,High,0,OpenAlex,2604.16298v1,,https://openalex.org/W7154993317,https://doi.org/10.48550/arxiv.2604.16298,https://arxiv.org/abs/2604.16298v1,https://arxiv.org/pdf/2604.16298v1,,,"""AerialVLN"""
9787f7195583,"Vision-and-Language Navigation for UAVs: Progress, Challenges, and a Research Roadmap",Hanxuan Chen; Jie Zheng; Siqi Yang; Tianle Zeng; Siwei Feng; Songsheng Cheng; Ruilong Ren; Hanzhong Guo; Shuai Yuan; Xiangyue Wang; Kangli Wang; Ji Pei,2026-04-15,2026,arXiv,Datasets & Simulators,High,0,OpenAlex,2604.13654v1,,https://openalex.org/W7154790337,https://doi.org/10.48550/arxiv.2604.13654,https://arxiv.org/abs/2604.13654v1,https://arxiv.org/pdf/2604.13654v1,,,"""UAV"" AND ""vision-language-action"""
f956d4ea1475,Vision-Language Navigation for Aerial Robots: Towards the Era of Large Language Models,Xingyu Xia; Lekai Zhou; Yujie Tang; Xiaozhou Zhu; Hai Zhu; Wen Yao,2026-04-09,2026,arXiv,Foundations; Datasets & Simulators,High,0,OpenAlex,2604.07705v1,,https://openalex.org/W7153671460,https://doi.org/10.48550/arxiv.2604.07705,https://arxiv.org/abs/2604.07705v1,https://arxiv.org/pdf/2604.07705v1,,,"""aerial VLN"""
772eef2e8a4c,MotionScape: A Large-Scale Real-World Highly Dynamic UAV Video Dataset for World Models,Zile Guo; Zhan Chen; Enze Zhu; Kan Wei; Yongkang Zou; Xiaoxuan Liu; Lei Wang,2026-04-09,2026,arXiv,UAV WAM; Datasets & Simulators,High,,,2604.07991v1,,,,https://arxiv.org/abs/2604.07991v1,https://arxiv.org/pdf/2604.07991v1,,,"""UAV"" AND ""SLAM"" AND ""navigation"""
1eeac8f31fa1,Vision-Language-Action (VLA) Models for Unmanned Aerial Robotics and Bimanual Manipulation: A Review,Inkyu Sa; Chanoh Park; Ho Seok Ahn,2026-04-09,2026,Preprints.org,UAV VLA,High,0,OpenAlex,,,https://openalex.org/W7152979392,https://doi.org/10.20944/preprints202604.0664.v1,https://doi.org/10.20944/preprints202604.0664.v1,https://www.preprints.org/frontend/manuscript/98c9348cbfea97adab7315fa37d3b9ca/download_pub,,,aerial VLN
5b5ac704b351,Orientation Matters: Learning Radiation Patterns of Multi-Rotor UAVs In-Flight to Enhance Communication Availability Modeling,Martin Zoula; Daniel Bonilla Licea; Jan Faigl; Václav Navrátil; Martin Saska,2026-04-03,2026,arXiv,Datasets & Simulators,High,,,2604.02827v1,,,,https://arxiv.org/abs/2604.02827v1,https://arxiv.org/pdf/2604.02827v1,,,"""UAV"" AND ""path planning"""
13af2e174919,VLM-Nav: Mapless UAV navigation using monocular vision driven by vision-language models,Gobinda Chandra Sarker; AKM Azad; Sejuti Rahman; Md Mehedi Hasan,2026-04-03,2026,PLoS ONE,Traditional UAV VLN,High,0,OpenAlex,,,https://openalex.org/W7148733859,https://doi.org/10.1371/journal.pone.0345778,https://doi.org/10.1371/journal.pone.0345778,https://doi.org/10.1371/journal.pone.0345778,,,aerial VLN
71058bdd7d17,An End-to-end Flight Control Network for High-speed UAV Obstacle Avoidance based on Event-Depth Fusion,Dikai Shang; Jingyue Zhao; Shi Xu; Nanyang Ye; Lei Wang,2026-03-28,2026,arXiv,Traditional UAV VLN,High,,,2603.27181v1,,,,https://arxiv.org/abs/2603.27181v1,https://arxiv.org/pdf/2603.27181v1,,,"""UAV"" AND ""obstacle avoidance"""
70b8a4f3f641,Evolutionary Biparty Multiobjective UAV Path Planning: Problems and Empirical Comparisons,Kesheng Chen; Wenjian Luo; Xin Lin; Zhen Song; Yatong Chang,2026-03-23,2026,arXiv,Traditional UAV VLN,High,,,2603.21544v1,,,,https://arxiv.org/abs/2603.21544v1,https://arxiv.org/pdf/2603.21544v1,,,"""UAV"" AND ""path planning"""
6805af8961c9,HUGE-Bench: A Benchmark for High-Level UAV Vision-Language-Action Tasks,Jingyu Guo; Ziye Chen; Ziwen Li; Zhengqing Gao; Jiaxin Huang; Hanlue Zhang; Fengming Huang; Yu Yao; Tongliang Liu; Mingming Gong,2026-03-20,2026,arXiv,UAV VLA; Datasets & Simulators,High,,,2603.19822v1,,,,https://arxiv.org/abs/2603.19822v1,https://arxiv.org/pdf/2603.19822v1,,,"""UAV"" AND ""vision-language-action"""
30a170c11437,Thermal Image Refinement with Depth Estimation using Recurrent Networks for Monocular ORB-SLAM3,Hürkan Şahin; Huy Xuan Pham; Van Huyen Dang; Alper Yegenoglu; Erdal Kayacan,2026-03-16,2026,arXiv,Traditional UAV VLN,High,,,2603.14998v1,,,,https://arxiv.org/abs/2603.14998v1,https://arxiv.org/pdf/2603.14998v1,,,"""UAV"" AND ""SLAM"" AND ""navigation"""
2f0c99888eca,AerialVLA: A Vision-Language-Action Model for UAV Navigation via Minimalist End-to-End Control,Peng Xu; Zhengnan Deng; Jiayan Deng; Zonghua Gu; Shaohua Wan,2026-03-15,2026,arXiv,UAV VLA,High,0,OpenAlex,2603.14363v1,,https://openalex.org/W7139144744,https://doi.org/10.48550/arxiv.2603.14363,https://arxiv.org/abs/2603.14363v1,https://arxiv.org/pdf/2603.14363v1,,,"""UAV"" AND ""end-to-end control"" AND ""navigation"""
6a0bfb9a5d95,AerialVLA: A Vision-Language-Action Model for Aerial Navigation with Online Dialogue,Jinyu Chen; Hongyu Li; Zongheng Tang; Xiaoduo Li; Wenjun Wu; Si Liu,2026-03-14,2026,Proceedings of the AAAI Conference on Artificial Intelligence,UAV VLA,High,0,OpenAlex,,,https://openalex.org/W7138404632,https://doi.org/10.1609/aaai.v40i22.38878,https://doi.org/10.1609/aaai.v40i22.38878,https://ojs.aaai.org/index.php/AAAI/article/download/38878/42840,,,AerialVLN
af5ff9fa96d6,OnFly: Onboard Zero-Shot Aerial Vision-Language Navigation toward Safety and Efficiency,Guiyong Zheng; Yueting Ban; Mingjie Zhang; Juepeng Zheng; Boyu Zhou,2026-03-11,2026,arXiv,Foundations,High,0,OpenAlex,2603.10682v1,,https://openalex.org/W7135157121,,https://arxiv.org/abs/2603.10682v1,https://arxiv.org/pdf/2603.10682v1,,,"""aerial vision language navigation"""
292ad0ad75b8,ImpedanceDiffusion: Diffusion-Based Global Path Planning for UAV Swarm Navigation with Generative Impedance Control,Faryal Batool; Yasheerah Yaqoot; Muhammad Ahsan Mustafa; Roohan Ahmed Khan; Aleksey Fedoseev; Dzmitry Tsetserukou,2026-03-10,2026,arXiv,Traditional UAV VLN,High,,,2603.09031v1,,,,https://arxiv.org/abs/2603.09031v1,https://arxiv.org/pdf/2603.09031v1,,,"""UAV"" AND ""obstacle avoidance"""
70bce20c181a,ViSA-Enhanced Aerial VLN: A Visual-Spatial Reasoning Enhanced Framework for Aerial Vision-Language Navigation,Haoyu Tong; Xiangyu Dong; Xiaoguang Ma; Haoran Zhao; Yaoming Zhou; Chenghao Lin,2026-03-09,2026,arXiv,Foundations,High,0,OpenAlex,2603.08007v1,,https://openalex.org/W7134860555,,https://arxiv.org/abs/2603.08007v1,https://arxiv.org/pdf/2603.08007v1,,,"""aerial VLN"""
bedee0d4dfd5,Edged USLAM: Edge-Aware Event-Based SLAM with Learning-Based Depth Priors,Şebnem Sarıözkan; Hürkan Şahin; Olaya Álvarez-Tuñón; Erdal Kayacan,2026-03-09,2026,ICRA,Traditional UAV VLN,High,,,2603.08150v1,,,,https://arxiv.org/abs/2603.08150v1,https://arxiv.org/pdf/2603.08150v1,,,"""UAV"" AND ""SLAM"" AND ""navigation"""
4baee9de703e,Fly360: Omnidirectional Obstacle Avoidance within Drone View,Xiangkai Zhang; Dizhe Zhang; WenZhuo Cao; Zhaoliang Wan; Yingjie Niu; Lu Qi; Xu Yang; Zhiyong Liu,2026-03-06,2026,arXiv,Traditional UAV VLN,High,,,2603.06573v1,,,,https://arxiv.org/abs/2603.06573v1,https://arxiv.org/pdf/2603.06573v1,,,"""UAV"" AND ""obstacle avoidance"""
ee27b685c255,Goal-Oriented Semantic Communication for ISAC-Enabled Robotic Obstacle Avoidance,Wenjie Liu; Yansha Deng; Henk Wymeersch,2026-03-02,2026,arXiv,Traditional UAV VLN,High,,,2603.02291v1,,,,https://arxiv.org/abs/2603.02291v1,https://arxiv.org/pdf/2603.02291v1,,,"""UAV"" AND ""obstacle avoidance"""
522b7842b97a,"Path Planning Optimisation for SParse, AwaRe and Cooperative Networked Aerial Robot Teams (SpArC-NARTs): Optimisation Tool and Ground Sensing Coverage Use Cases",Maria Conceição; António Grilo; Meysam Basiri,2026-02-15,2026,arXiv,Traditional UAV VLN,High,,,2602.14247v1,,,,https://arxiv.org/abs/2602.14247v1,https://arxiv.org/pdf/2602.14247v1,,,"""UAV"" AND ""path planning"""
55c6f42e31a6,AutoFly: Vision-Language-Action Model for UAV Autonomous Navigation in the Wild,Xiaolou Sun; Wufei Si; Wenhui Ni; Yuntian Li; Dongming Wu; Fei Xie; Runwei Guan; He-Yang Xu; Henghui Ding; Yuan Wu; Yutao Yue; Yongming Huang; Hui Xiong,2026-02-10,2026,ICLR,UAV VLA; Traditional UAV VLN,High,,,2602.09657v1,,,,https://arxiv.org/abs/2602.09657v1,https://arxiv.org/pdf/2602.09657v1,,,"""UAV"" AND ""vision-language-action"""
c56b2fb75d62,"Autonomous Navigation at the Nano-Scale: Algorithms, Architectures, and Constraints",Mahmud S. Zango; Jianglin Lan,2026-01-19,2026,arXiv,Traditional UAV VLN,High,,,2601.13252v2,,,,https://arxiv.org/abs/2601.13252v2,https://arxiv.org/pdf/2601.13252v2,,,"""UAV"" AND ""SLAM"" AND ""navigation"""
ca736cc2e5f4,AirUniNav: Unified Vision-Language Navigation for UAVs in Indoor and Outdoor Scenes,Yuzhao Luo; Ming Zhu; Xinghan Liu; Hengzhi Su; Yapeng Hu; Yuncheng Liu; Tian Chen,2026-01-13,2026,Unknown,Foundations,High,0,OpenAlex,,,https://openalex.org/W7123734307,https://doi.org/10.36227/techrxiv.176834454.46554529/v1,https://doi.org/10.36227/techrxiv.176834454.46554529/v1,https://www.techrxiv.org/doi/pdf/10.36227/techrxiv.176834454.46554529/v1,,,AerialVLN
1415e6701633,AirNav: A Large-Scale Real-World UAV Vision-and-Language Navigation Dataset with Natural and Diverse Instructions,"Hengxing Cai; Yijie Rao; Huang, Ligang; Zanyang Zhong; Jinhan Dong; Jingjun Tan; Wenhao Lu; Renxin Zhong",2026-01-07,2026,ArXiv.org,Datasets & Simulators; Evaluation,High,0,OpenAlex,,,https://openalex.org/W7119557735,,https://openalex.org/W7119557735,https://arxiv.org/pdf/2601.03707,,,AerialVLN
ca552b7bd33f,Hardware-in-the-loop simulation system of the unmanned aerial vehicle autonomous navigation,O. V. Drozd,2026-01-01,2026,Achievements of Modern Radioelectronics,Traditional UAV VLN,High,0,SemanticScholar,,d6ba2146fd99ff15763c291c721debd2821b101b,,10.18127/j20700784-202603-06,https://www.semanticscholar.org/paper/d6ba2146fd99ff15763c291c721debd2821b101b,,,,unmanned aerial vehicle visual navigation
01ffc23f1d04,Beyond Coverage Path Planning: Can UAV Swarms Perfect Scattered Regions Inspections?,Socratis Gkelios; Savvas D. Apostolidis; Pavlos Ch. Kapoutsis; Elias B. Kosmatopoulos; Athanasios Ch. Kapoutsis,2025-12-29,2025,arXiv,Traditional UAV VLN,High,,,2512.23257v1,,,,https://arxiv.org/abs/2512.23257v1,https://arxiv.org/pdf/2512.23257v1,,,"""UAV"" AND ""path planning"""
a4a8dd855b47,Aerial World Model for Long-horizon Visual Generation and Navigation in 3D Space,Weichen Zhang; Peizhi Tang; Xin Zeng; Fanhang Man; Shiquan Yu; Zichao Dai; Baining Zhao; Hongjin Chen; Yu Shang; Wei Wu; Chen Gao; Xinlei Chen; Xin Wang; Yong Li; Wenwu Zhu,2025-12-26,2025,arXiv,UAV WAM,High,,,2512.21887v2,,,,https://arxiv.org/abs/2512.21887v2,https://arxiv.org/pdf/2512.21887v2,,,"""UAV"" AND ""obstacle avoidance"""
c112c518c559,Safe Path Planning and Observation Quality Enhancement Strategy for Unmanned Aerial Vehicles in Water Quality Monitoring Tasks,Yuanshuang Fu; Qianyao Wang; Qihao Wang; Bonan Zhang; Jiaxin Zhao; Yiming Cao; Zhijun Li,2025-12-24,2025,arXiv,Traditional UAV VLN,High,,,2512.21375v1,,,,https://arxiv.org/abs/2512.21375v1,https://arxiv.org/pdf/2512.21375v1,,,"""UAV"" AND ""obstacle avoidance"""
987c71f12854,IndoorUAV: Benchmarking Vision-Language UAV Navigation in Continuous Indoor Environments,Xu Liu; Yu Liu; Hanshuo Qiu; Yang Qirong; Zhouhui Lian,2025-12-22,2025,arXiv,Datasets & Simulators,High,0,OpenAlex,2512.19024v1,,https://openalex.org/W7138448999,https://doi.org/10.1609/aaai.v40i28.39562,https://arxiv.org/abs/2512.19024v1,https://arxiv.org/pdf/2512.19024v1,,,"""UAV"" AND ""natural language"" AND ""navigation"""
80c9183c9bb2,VLA-AN: An Efficient and Onboard Vision-Language-Action Framework for Aerial Navigation in Complex Environments,Yuze Wu; Mo Zhu; Xingxing Li; Yuheng Du; Yuxin Fan; Wenjun Li; Zhichao Han; Xin Zhou; Fei Gao,2025-12-17,2025,arXiv,UAV VLA; Evaluation,High,,,2512.15258v2,,,,https://arxiv.org/abs/2512.15258v2,https://arxiv.org/pdf/2512.15258v2,,,"""aerial navigation"" AND ""vision-language-action"""
ab4494d740cc,Development of Visual Navigation Systems for Unmanned Aerial Vehicles in Environments Lacking GPS Signals,Sergey Zlobin,2025-12-15,2025,Intellectual Technologies on Transport,Traditional UAV VLN,High,0,SemanticScholar,,2ffb2ced45c1038a5745e7d942561feb40b0c6e4,,10.20295/2413-2527-2025-444-26-32,https://www.semanticscholar.org/paper/2ffb2ced45c1038a5745e7d942561feb40b0c6e4,,,,unmanned aerial vehicle visual navigation
912a7fb3e1cd,"Aerial Vision-Language Navigation with a Unified Framework for Spatial, Temporal and Embodied Reasoning",Huilin Xu; Zhuoyang Liu; Yixiang Luomei; Feng Xu,2025-12-09,2025,arXiv,Foundations,High,,,2512.08639v3,,,,https://arxiv.org/abs/2512.08639v3,https://arxiv.org/pdf/2512.08639v3,,,"""UAV"" AND ""action prediction"" AND ""navigation"""
9584a808feaa,Obstacle Avoidance of UAV in Dynamic Environments Using Direction and Velocity-Adaptive Artificial Potential Field,Nikita Vaibhav Pavle; Shrreya Rajneesh; Rakesh Kumar Sahoo; Manoranjan Sinha,2025-12-08,2025,arXiv,Traditional UAV VLN,High,,,2512.07609v2,,,,https://arxiv.org/abs/2512.07609v2,https://arxiv.org/pdf/2512.07609v2,,,"""UAV"" AND ""obstacle avoidance"""
0cded369d99b,On-the-fly Feedback SfM: Online Explore-and-Exploit UAV Photogrammetry with Incremental Mesh Quality-Aware Indicator and Predictive Path Planning,Liyuan Lou; Wanyun Li; Wentian Gan; Yifei Yu; Tengfei Wang; Xin Wang; Zongqian Zhan,2025-12-02,2025,arXiv,Traditional UAV VLN,High,,,2512.02375v1,,,,https://arxiv.org/abs/2512.02375v1,https://arxiv.org/pdf/2512.02375v1,,,"""UAV"" AND ""path planning"""
2409ae3d3f9e,AgriLiRa4D: A Multi-Sensor UAV Dataset for Robust SLAM in Challenging Agricultural Fields,Zhihao Zhan; Yuhang Ming; Shaobin Li; Jie Yuan,2025-12-01,2025,arXiv,Datasets & Simulators; Traditional UAV VLN,High,,,2512.01753v2,,,,https://arxiv.org/abs/2512.01753v2,https://arxiv.org/pdf/2512.01753v2,,,"""UAV"" AND ""SLAM"" AND ""navigation"""
560676e948b8,Balancing Efficiency and Fairness: An Iterative Exchange Framework for Multi-UAV Cooperative Path Planning,Hongzong Li; Luwei Liao; Xiangguang Dai; Yuming Feng; Rong Feng; Shiqin Tang,2025-11-29,2025,arXiv,Traditional UAV VLN,High,,,2512.00410v1,,,,https://arxiv.org/abs/2512.00410v1,https://arxiv.org/pdf/2512.00410v1,,,"""UAV"" AND ""path planning"""
25cafbaf7968,AerialMind: Towards Referring Multi-Object Tracking in UAV Scenarios,Chenglizhao Chen; Shaofeng Liang; Runwei Guan; Xiaolou Sun; Haocheng Zhao; Haiyun Jiang; Tao Huang; Henghui Ding; Qing-Long Han,2025-11-26,2025,arXiv,Datasets & Simulators,High,,,2511.21053v2,,,,https://arxiv.org/abs/2511.21053v2,https://arxiv.org/pdf/2511.21053v2,,,"""UAV"" AND ""path planning"""
2daee491bfc4,Flow-Based Path Planning for Multiple Homogenous UAVs for Outdoor Formation-Flying,Mahmud Suhaimi Ibrahim; Shantanu Rahman; Muhammad Samin Hasan; Minhaj Uddin Ahmad; Abdullah Abrar,2025-11-24,2025,arXiv,Traditional UAV VLN,High,,,2511.19653v1,,,,https://arxiv.org/abs/2511.19653v1,https://arxiv.org/pdf/2511.19653v1,,,"""UAV"" AND ""path planning"""
875db8f96800,Multi-UAV Swarm Obstacle Avoidance Based on Potential Field Optimization,Yendo Hu; Yiliang Wu; Weican Chen,2025-11-21,2025,arXiv,Traditional UAV VLN,High,,,2511.16911v1,,,,https://arxiv.org/abs/2511.16911v1,https://arxiv.org/pdf/2511.16911v1,,,"""UAV"" AND ""obstacle avoidance"""
7178c664c3cc,EcoFlight: Finding Low-Energy Paths Through Obstacles for Autonomous Sensing Drones,Jordan Leyva; Nahim J. Moran Vera; Yihan Xu; Adrien Durasno; Christopher U. Romero; Tendai Chimuka; Gabriel O. Huezo Ramirez; Ziqian Dong; Roberto Rojas-Cessa,2025-11-16,2025,arXiv,Traditional UAV VLN,High,,,2511.12618v1,,,,https://arxiv.org/abs/2511.12618v1,https://arxiv.org/pdf/2511.12618v1,,,"""UAV"" AND ""obstacle avoidance"""
c11eccaf4ae9,A Quantum Tunneling and Bio-Phototactic Driven Enhanced Dwarf Mongoose Optimizer for UAV Trajectory Planning and Engineering Problem,Mingyang Yu; Haorui Yang; Kangning An; Xinjian Wei; Xiaoxuan Xu; Jing Xu,2025-11-12,2025,arXiv,Traditional UAV VLN,High,,,2511.09020v1,,,,https://arxiv.org/abs/2511.09020v1,https://arxiv.org/pdf/2511.09020v1,,,"""UAV"" AND ""path planning"""
db1ab05fdba2,An Image-Based Path Planning Algorithm Using a UAV Equipped with Stereo Vision,Selim Ahmet Iz; Mustafa Unel,2025-11-11,2025,arXiv,Traditional UAV VLN,High,,,2511.07928v1,,,,https://arxiv.org/abs/2511.07928v1,https://arxiv.org/pdf/2511.07928v1,,,"""UAV"" AND ""path planning"""
52b5393c5a89,OpenVLN: Open-world Aerial Vision-Language Navigation,Peican Lin; Gan Sun; Chenxi Liu; Fazeng Li; Weihong Ren; Yang Cong,2025-11-09,2025,arXiv,Foundations; Datasets & Simulators,High,0,OpenAlex,2511.06182v2,,https://openalex.org/W4416591427,https://doi.org/10.48550/arxiv.2511.06182,https://arxiv.org/abs/2511.06182v2,https://arxiv.org/pdf/2511.06182v2,,,"""OpenVLN"""
590df271215e,Visual navigation method for intelligent flight of highway inspection unmanned aerial vehicle,Lili Song; Zihan Xu; Yongzhao Tao; Jianfeng Han; Jiandong Fang,2025-11-05,2025,Machine Learning: Engineering,Traditional UAV VLN,High,0,SemanticScholar,,cb724581d78ffaad23901438851ac33c335fed6f,,10.1088/3049-4761/ae1bab,https://www.semanticscholar.org/paper/cb724581d78ffaad23901438851ac33c335fed6f,,,,unmanned aerial vehicle visual navigation
a4f7565db105,SoraNav: Adaptive UAV Task-Centric Navigation via Zeroshot VLM Reasoning,Hongyu Song; Rishabh Dev Yadav; Cheng Guo; Wei Pan,2025-10-29,2025,arXiv,Evaluation,High,,,2510.25191v3,,,,https://arxiv.org/abs/2510.25191v3,https://arxiv.org/pdf/2510.25191v3,,,"""UAV"" AND ""natural language"" AND ""navigation"""
da1a56b728de,Global-State-Free Obstacle Avoidance for Quadrotor Control in Air-Ground Cooperation,Baozhe Zhang; Xinwei Chen; Qingcheng Chen; Chao Xu; Fei Gao; Yanjun Cao,2025-10-28,2025,arXiv,Traditional UAV VLN,High,,,2510.24315v1,,,,https://arxiv.org/abs/2510.24315v1,https://arxiv.org/pdf/2510.24315v1,,,"""UAV"" AND ""obstacle avoidance"""
067fc1b61e16,A Physics-Informed Neural Network Approach for UAV Path Planning in Dynamic Environments,Shuning Zhang,2025-10-23,2025,arXiv,Traditional UAV VLN,High,,,2510.21874v1,,,,https://arxiv.org/abs/2510.21874v1,https://arxiv.org/pdf/2510.21874v1,,,"""UAV"" AND ""obstacle avoidance"""
1216a1acf9a2,Correlation Algorithm for Measuring Image Shifts and Rotation Angles in the Onboard Visual Navigation System of an Unmanned Aerial Vehicle,O. Hrichaniuk; Yu. Krykhtin,2025-10-21,2025,2025 IEEE 8th International Conference on Methods and Systems of Navigation and Motion Control (MSNMC),Traditional UAV VLN,High,0,SemanticScholar,,da3dd361eed86a19cecf5487e9864aaeab8dbb3f,,10.1109/msnmc61130.2025.11399745,https://www.semanticscholar.org/paper/da3dd361eed86a19cecf5487e9864aaeab8dbb3f,,,,unmanned aerial vehicle visual navigation
08b9247f109b,SPOT: Sensing-augmented Trajectory Planning via Obstacle Threat Modeling,Chi Zhang; Xian Huang; Wei Dong,2025-10-18,2025,arXiv,Traditional UAV VLN,High,,,2510.16308v1,,,,https://arxiv.org/abs/2510.16308v1,https://arxiv.org/pdf/2510.16308v1,,,"""UAV"" AND ""obstacle avoidance"""
31ba0f179ae8,Bridging Research and Practice in Simulation-based Testing of Industrial Robot Navigation Systems,Sajad Khatiri; Francisco Eli Vina Barrientos; Maximilian Wulf; Paolo Tonella; Sebastiano Panichella,2025-10-10,2025,arXiv,Datasets & Simulators,High,,,2510.09396v1,,,,https://arxiv.org/abs/2510.09396v1,https://arxiv.org/pdf/2510.09396v1,,,"""UAV"" AND ""obstacle avoidance"""
544832b5b631,Optimal Smooth Coverage Trajectory Planning for Quadrotors in Cluttered Environment,Duanjiao Li; Yun Chen; Ying Zhang; Junwen Yao; Dongyue Huang; Jianguo Zhang; Ning Ding,2025-10-03,2025,arXiv,Traditional UAV VLN,High,,,2510.03169v1,,,,https://arxiv.org/abs/2510.03169v1,https://arxiv.org/pdf/2510.03169v1,,,"""UAV"" AND ""obstacle avoidance"""
910abc710ed8,"\LARGE GMP$^{3}$: Learning-Driven, Bellman-Guided Trajectory Planning for UAVs in Real-Time on SE(3)",Babak Salamat; Dominik Mattern; Sebastian-Sven Olzem; Gerhard Elsbacher; Christian Seidel; Andrea M. Tonello,2025-09-25,2025,arXiv,Traditional UAV VLN,High,,,2509.21264v1,,,,https://arxiv.org/abs/2509.21264v1,https://arxiv.org/pdf/2509.21264v1,,,"""UAV"" AND ""obstacle avoidance"""
3cd33206d017,Development of an Algorithm for Absolute Visual Navigation of an Unmanned Aerial Vehicle,P. A. Lazareva; A. Malikov; G. Degtyarev; R. T. Mannanov; D. Shilin,2025-09-01,2025,Russian Aeronautics,Traditional UAV VLN,High,0,SemanticScholar,,c994fa1c01d967debcba4c1d74911111820d835e,,10.3103/S1068799825030067,https://www.semanticscholar.org/paper/c994fa1c01d967debcba4c1d74911111820d835e,,,,unmanned aerial vehicle visual navigation
412e761c807e,Cooperative Sensing Enhanced UAV Path-Following and Obstacle Avoidance with Variable Formation,Changheng Wang; Zhiqing Wei; Wangjun Jiang; Haoyue Jiang; Zhiyong Feng,2025-08-29,2025,arXiv,Traditional UAV VLN,High,,,2508.21316v1,,,,https://arxiv.org/abs/2508.21316v1,https://arxiv.org/pdf/2508.21316v1,,,"""UAV"" AND ""obstacle avoidance"""
1c0c4245c1ee,Research on UAV Applications in Public Administration: Based on an Improved RRT Algorithm,Zhanxi Xie; Baili Lu; Yanzhao Gu; Zikun Li; Junhao Wei; Ngai Cheong,2025-08-15,2025,arXiv,Traditional UAV VLN; Evaluation,High,,,2508.14096v1,,,,https://arxiv.org/abs/2508.14096v1,https://arxiv.org/pdf/2508.14096v1,,,"""UAV"" AND ""obstacle avoidance"""
f8435b6ea14b,SwarmVLM: VLM-Guided Impedance Control for Autonomous Navigation of Heterogeneous Robots in Dynamic Warehousing,Malaika Zafar; Roohan Ahmed Khan; Faryal Batool; Yasheerah Yaqoot; Ziang Guo; Mikhail Litvinov; Aleksey Fedoseev; Dzmitry Tsetserukou,2025-08-11,2025,arXiv,Traditional UAV VLN,High,,,2508.07814v1,,,,https://arxiv.org/abs/2508.07814v1,https://arxiv.org/pdf/2508.07814v1,,,"""UAV"" AND ""obstacle avoidance"""
38a6e3a0a036,SA-GCS: Semantic-Aware Gaussian Curriculum Scheduling for UAV Vision-Language Navigation,Hengxing Cai; Jinhan Dong; Yijie Rao; Jingcheng Deng; Jingjun Tan; Qien Chen; Haidong Wang; Zhen Wang; Shiyu Huang; Agachai Sumalee; Renxin Zhong,2025-08-01,2025,arXiv,Foundations,High,,,2508.00390v1,,,,https://arxiv.org/abs/2508.00390v1,https://arxiv.org/pdf/2508.00390v1,,,"""UAV"" AND ""natural language"" AND ""navigation"""
9c624267c217,UAV-ON: A Benchmark for Open-World Object Goal Navigation with Aerial Agents,Jianqiang Xiao; Yuexuan Sun; Yixin Shao; Boxi Gan; Rongqiang Liu; Yanjing Wu; Weili Guan; Xiang Deng,2025-08-01,2025,arXiv,Datasets & Simulators,High,,,2508.00288v4,,,,https://arxiv.org/abs/2508.00288v4,https://arxiv.org/pdf/2508.00288v4,,,"""UAV"" AND ""object goal navigation"""
0d5c9b0ef250,Real-Time Obstacle Avoidance Algorithms for Unmanned Aerial and Ground Vehicles,Jingwen Wei,2025-06-25,2025,arXiv,Traditional UAV VLN,High,,,2506.20311v1,,,,https://arxiv.org/abs/2506.20311v1,https://arxiv.org/pdf/2506.20311v1,,,"""UAV"" AND ""SLAM"" AND ""navigation"""
fd0e31dd82f3,Grounded Vision-Language Navigation for UAVs with Open-Vocabulary Goal Understanding,Yuhang Zhang; Haosheng Yu; Jiaping Xiao; Mir Feroskhan,2025-06-12,2025,arXiv,Foundations,High,,,2506.10756v1,,,,https://arxiv.org/abs/2506.10756v1,https://arxiv.org/pdf/2506.10756v1,,,"""UAV"" AND ""vision language navigation"""
c5db26879b36,Search-TTA: A Multimodal Test-Time Adaptation Framework for Visual Search in the Wild,Derek Ming Siang Tan; Shailesh; Boyang Liu; Alok Raj; Qi Xuan Ang; Weiheng Dai; Tanishq Duhan; Jimmy Chiun; Yuhong Cao; Florian Shkurti; Guillaume Sartoretti,2025-05-16,2025,CoRL,Traditional UAV VLN,High,,,2505.11350v5,,,,https://arxiv.org/abs/2505.11350v5,https://arxiv.org/pdf/2505.11350v5,,,"""UAV"" AND ""visual navigation"""
4af72aa1e340,LogisticsVLN: Vision-Language Navigation For Low-Altitude Terminal Delivery Based on Agentic UAVs,Xinyuan Zhang; Yonglin Tian; Fei Lin; Yue Liu; Jing Ma; Kornélia Sára Szatmáry; Fei-Yue Wang,2025-05-06,2025,arXiv,Foundations,High,,,2505.03460v1,,,,https://arxiv.org/abs/2505.03460v1,https://arxiv.org/pdf/2505.03460v1,,,"""UAV"" AND ""vision language navigation"""
155698cd1471,UAV-VLN: End-to-End Vision Language guided Navigation for UAVs,Pranav Saxena; Nishant Raghuvanshi; Neena Goveas,2025-04-30,2025,arXiv,Foundations,High,,,2504.21432v1,,,,https://arxiv.org/abs/2504.21432v1,https://arxiv.org/pdf/2504.21432v1,,,"""UAV"" AND ""instruction following"" AND ""navigation"""
1df05d4267ef,Enhancing Machine Learning Techniques in VSLAM for Robust Autonomous Unmanned Aerial Vehicle Navigation,Hussam M. Rostum; J. Vásárhelyi,2025-04-02,2025,Electronics,Traditional UAV VLN,High,3,SemanticScholar,,f04de0f1f800ba0d2162c1ed1590ebdb2f9828fe,,10.3390/electronics14071440,https://www.semanticscholar.org/paper/f04de0f1f800ba0d2162c1ed1590ebdb2f9828fe,,,,unmanned aerial vehicle visual navigation
e226e176233b,A New Algorithm for Visual Navigation in Unmanned Aerial Vehicle Water Surface Inspection,Jianfeng Han; Xiongwei Gao; Lili Song; Jiandong Fang; Yongzhao Tao; Haixin Deng; Jie Yao,2025-04-01,2025,Italian National Conference on Sensors,Traditional UAV VLN,High,3,SemanticScholar,,05453044b5bc5caea22659674460c9018a7be4dc,,10.3390/s25082600,https://www.semanticscholar.org/paper/05453044b5bc5caea22659674460c9018a7be4dc,https://doi.org/10.3390/s25082600,,,unmanned aerial vehicle visual navigation
3342559e794f,Co-SemDepth: Fast Joint Semantic Segmentation and Depth Estimation on Aerial Images,Yara AlaaEldin; Francesca Odone,2025-03-23,2025,arXiv,Datasets & Simulators,High,,,2503.17982v1,,,,https://arxiv.org/abs/2503.17982v1,https://arxiv.org/pdf/2503.17982v1,,,"""UAV"" AND ""semantic map"" AND ""navigation"""
9bff6b605020,Openfly: A comprehensive platform for aerial vision-language navigation,Yunpeng Gao; Chenhui Li; Zhongrui You; Junli Liu; Zhen Li; Pengan Chen; Qizhi Chen; Zhonghan Tang; Liansheng Wang; Penghui Yang; Yiwen Tang; Yuhang Tang; Shuai Liang; Songyi Zhu; Ziqin Xiong; Yifei Su; Xinyi Ye; Jianan Li; Yan Ding; Dong Wang; Xuelong Li; Zhigang Wang; Bin Zhao,2025-02-25,2025,ICLR,Foundations; Datasets & Simulators,High,,,2502.18041v7,,,,https://arxiv.org/abs/2502.18041v7,https://arxiv.org/pdf/2502.18041v7,,,"""aerial VLN"""
2936e89580ea,AeroVerse-Review: Comprehensive survey on aerial embodied vision-and-language navigation,Fanglong Yao; Youzhi Liu; Wenyi Zhang; Zhengqiu Zhu; Chenglong Li; Nayu Liu; Peng Hu; Yuanchang Yue; Kaiwen Wei; Xin He; Xudong Zhao; Zihan Wei; Haotian Xu; Zhiyuan Wang; Gujie Shao; Liu Yang; Dan Zhao; Yong Yang,2025-01-01,2025,The Innovation Informatics,Datasets & Simulators,High,2,OpenAlex,,,https://openalex.org/W4415982703,https://doi.org/10.59717/j.xinn-inform.2025.100015,https://doi.org/10.59717/j.xinn-inform.2025.100015,https://www.the-innovation.org/data/article/export-pdf?id=6909817aeaedd90f4128ae8b,,,SkyVLN
423c607f21b8,Exploring Spatial Representation to Enhance LLM Reasoning in Aerial Vision-Language Navigation,Yunpeng Gao; Zhigang Wang; Pengfei Han; Linglin Jing; Dong Wang; Bin Zhao,2024-10-11,2024,arXiv,Foundations,High,,,2410.08500v3,,,,https://arxiv.org/abs/2410.08500v3,https://arxiv.org/pdf/2410.08500v3,,,"""UAV"" AND ""action prediction"" AND ""navigation"""
7186db8047a3,"Towards Realistic UAV Vision-Language Navigation: Platform, Benchmark, and Methodology",Xiangyu Wang; Donglin Yang; Ziqin Wang; Hohin Kwan; Jinyu Chen; Wenjun Wu; Hongsheng Li; Yue Liao; Si Liu,2024-10-09,2024,arXiv,Datasets & Simulators; Foundations,High,,,2410.07087v2,,,,https://arxiv.org/abs/2410.07087v2,https://arxiv.org/pdf/2410.07087v2,,,"""UAV"" AND ""vision language navigation"""
cda9ec230d5a,Robust Policy Learning for Multi-UAV Collision Avoidance with Causal Feature Selection,Jiafan Zhuang; Gaofei Han; Zihao Xia; Boxi Wang; Wenji Li; Dongliang Wang; Zhifeng Hao; Ruichu Cai; Zhun Fan,2024-07-04,2024,arXiv,UAV VLA,High,,,2407.04056v2,,,,https://arxiv.org/abs/2407.04056v2,https://arxiv.org/pdf/2407.04056v2,,,"""UAV"" AND ""action prediction"" AND ""navigation"""
45d9a737b9df,CityNav: A Large-Scale Dataset for Real-World Aerial Navigation,Jungdae Lee; Taiki Miyanishi; Shuhei Kurita; Koya Sakamoto; Daichi Azuma; Yutaka Matsuo; Nakamasa Inoue,2024-06-20,2024,ICCV,Datasets & Simulators,High,,,2406.14240v3,,,,https://arxiv.org/abs/2406.14240v3,https://arxiv.org/pdf/2406.14240v3,,,"""AerialVLN"""
ab43ca51d23b,Development of Unmanned Aerial Vehicle Navigation and Warehouse Inventory System Based on Reinforcement Learning,Huei-Yung Lin; Kai-Lun Chang; Hsin-Ying Huang,2024-05-28,2024,Drones,Traditional UAV VLN,High,16,SemanticScholar,,01316e429e046a89c1f60a7de6973a4f32b250d2,,10.3390/drones8060220,https://www.semanticscholar.org/paper/01316e429e046a89c1f60a7de6973a4f32b250d2,https://www.mdpi.com/2504-446X/8/6/220/pdf?version=1716948715,,,unmanned aerial vehicle visual navigation
cd3f5ff62e4c,System Development and Integration of Unmanned Aerial Vehicle Navigation Techniques for Indoor Environments,Kai-Lun Chang; Huei-Yung Lin,2024-03-25,2024,International Conference on Industrial Technology,Traditional UAV VLN,High,0,SemanticScholar,,41a9e42323a4d2099b68b7a6981842693eeb1a22,,10.1109/ICIT58233.2024.10540747,https://www.semanticscholar.org/paper/41a9e42323a4d2099b68b7a6981842693eeb1a22,,,,unmanned aerial vehicle visual navigation
5a49ee5db102,A CBF-Adaptive Control Architecture for Visual Navigation for UAV in the Presence of Uncertainties,Viswa Narayanan Sankaranarayanan; Akshit Saradagi; Sumeet Satpute; George Nikolakopoulos,2024-02-16,2024,ICRA,Traditional UAV VLN,High,,,2402.10729v1,,,,https://arxiv.org/abs/2402.10729v1,https://arxiv.org/pdf/2402.10729v1,,,"""UAV"" AND ""visual navigation"""
b3f5edc80261,Object-Oriented Semantic Mapping for Reliable UAVs Navigation,Thanh Nguyen Canh; Armagan Elibol; Nak Young Chong; Xiem HoangVan,2024-01-16,2024,arXiv,Traditional UAV VLN,High,,,2401.08132v1,,,,https://arxiv.org/abs/2401.08132v1,https://arxiv.org/pdf/2401.08132v1,,,"""UAV"" AND ""SLAM"" AND ""navigation"""
3affcbfca74b,Autonomous Navigation of Unmanned Aerial Vehicle: Investigating Architectures and Techniques for a Flexible Platform,Hervé B. Olou; E. C. Ezin; J. Dembélé; C. Cambier,2023-10-31,2023,Unmanned Systems,Traditional UAV VLN,High,5,SemanticScholar,,f530ad19d89607d4c87592a066f503ecaef09382,,10.1142/s2301385025500128,https://www.semanticscholar.org/paper/f530ad19d89607d4c87592a066f503ecaef09382,,,,unmanned aerial vehicle visual navigation
4b8b8e394c46,Demonstrating Autonomous 3D Path Planning on a Novel Scalable UGV-UAV Morphing Robot,Eric Sihite; Filip Slezak; Ioannis Mandralis; Adarsh Salagame; Milad Ramezani; Arash Kalantari; Alireza Ramezani; Morteza Gharib,2023-08-01,2023,arXiv,Traditional UAV VLN,High,,,2308.00235v1,,,,https://arxiv.org/abs/2308.00235v1,https://arxiv.org/pdf/2308.00235v1,,,"""UAV"" AND ""SLAM"" AND ""navigation"""
19454d4b0e72,Visual Navigation Algorithm for Night Landing of Fixed-Wing Unmanned Aerial Vehicle,Zhaoyang Wang; Dan Zhao; Yunfeng Cao,2022-10-17,2022,Aerospace,Traditional UAV VLN,High,20,SemanticScholar,,f59abd7065c491a629828cffff9e00d969936478,,10.3390/aerospace9100615,https://www.semanticscholar.org/paper/f59abd7065c491a629828cffff9e00d969936478,https://www.mdpi.com/2226-4310/9/10/615/pdf?version=1666587353,,,unmanned aerial vehicle visual navigation
79053411d24a,GNSS-Denied Semi Direct Visual Navigation for Autonomous UAVs Aided by PI-Inspired Inertial Priors,Eduardo Gallo; Antonio Barrientos,2022-05-26,2022,arXiv,Traditional UAV VLN,High,,,2205.13242v2,,,,https://arxiv.org/abs/2205.13242v2,https://arxiv.org/pdf/2205.13242v2,,,"""UAV"" AND ""visual navigation"""
ba66285a7d0a,Unmanned Aerial Vehicle Visual Simultaneous Localization and Mapping: A Survey,Y. Tian; H. Yue; B. Yang; J. Ren,2022-05-01,2022,Journal of Physics: Conference Series,Traditional UAV VLN,High,4,SemanticScholar,,137d3d08c36f4db94da661e72a28f525182e45ba,,10.1088/1742-6596/2278/1/012006,https://www.semanticscholar.org/paper/137d3d08c36f4db94da661e72a28f525182e45ba,https://doi.org/10.1088/1742-6596/2278/1/012006,,,unmanned aerial vehicle visual navigation
13b2a7f3403a,Large-scale Autonomous Flight with Real-time Semantic SLAM under Dense Forest Canopy,Xu Liu; Guilherme V. Nardari; Fernando Cladera Ojeda; Yuezhan Tao; Alex Zhou; Thomas Donnelly; Chao Qu; Steven W. Chen; Roseli A. F. Romero; Camillo J. Taylor; Vijay Kumar,2021-09-14,2021,arXiv,Traditional UAV VLN,High,,,2109.06479v6,,,,https://arxiv.org/abs/2109.06479v6,https://arxiv.org/pdf/2109.06479v6,,,"""UAV"" AND ""SLAM"" AND ""navigation"""
939e536534b2,Flying with Cartographer: Adapting the Cartographer 3D Graph SLAM Stack for UAV Navigation,Juraj Orsulić; Robert Milijas; Ana Batinovic; Lovro Markovic; Antun Ivanovic; Stjepan Bogdan,2021-06-04,2021,arXiv,Traditional UAV VLN,High,,,2106.02535v1,,,,https://arxiv.org/abs/2106.02535v1,https://arxiv.org/pdf/2106.02535v1,,,"""UAV"" AND ""SLAM"" AND ""navigation"""
bbcf6a56526a,Visual Navigation and Landing Control of an Unmanned Aerial Vehicle on a Moving Autonomous Surface Vehicle via Adaptive Learning,Hai-Tao Zhang; B. Hu; Zhecheng Xu; Zhi-jun Cai; Bin Liu; Xudong Wang; T. Geng; Sheng Zhong; Jin Zhao,2021-05-28,2021,IEEE Transactions on Neural Networks and Learning Systems,Traditional UAV VLN,High,61,SemanticScholar,,d87d80d113205eb76c3bd11ffee366c23cf7812a,,10.1109/TNNLS.2021.3080980,https://www.semanticscholar.org/paper/d87d80d113205eb76c3bd11ffee366c23cf7812a,,,,unmanned aerial vehicle visual navigation
fe2b0fce5520,Compressed pseudo-SLAM: pseudorange-integrated compressed simultaneous localisation and mapping for unmanned aerial vehicle navigation,Jonghyuk Kim; José E. Guivant; M. Sollie; T. Bryne; T. Johansen,2021-03-26,2021,Journal of navigation,Traditional UAV VLN,High,4,SemanticScholar,,2d0ef602138f90baf2c26b5a4b8789d8c17a971e,,10.1017/S037346332100031X,https://www.semanticscholar.org/paper/2d0ef602138f90baf2c26b5a4b8789d8c17a971e,https://opus.lib.uts.edu.au/bitstream/10453/147548/2/Compressed-Pseudo-SLAM_JON_Revised_v2.1.pdf,,,unmanned aerial vehicle visual navigation
b304adef2664,End-to-End UAV Simulation for Visual SLAM and Navigation,S. Chen; H. Chen; W. Zhou; C. -Y. Wen; B. Li,2020-12-01,2020,arXiv,Traditional UAV VLN,High,,,2012.00298v1,,,,https://arxiv.org/abs/2012.00298v1,https://arxiv.org/pdf/2012.00298v1,,,"""UAV"" AND ""SLAM"" AND ""navigation"""
77a75493065b,Distributed Variable-Baseline Stereo SLAM from two UAVs,Marco Karrer; Margarita Chli,2020-09-10,2020,arXiv,Traditional UAV VLN,High,,,2009.04801v1,,,,https://arxiv.org/abs/2009.04801v1,https://arxiv.org/pdf/2009.04801v1,,,"""UAV"" AND ""SLAM"" AND ""navigation"""
fcde27b52629,Autonomous UAV Landing System Based on Visual Navigation,Zhixin Wu; Peng Han; Ruiwen Yao; Lei Qiao; Weidong Zhang; Tielong Shen; Min Sun; Yilong Zhu; Ming Liu; Rui Fan,2019-10-29,2019,arXiv,Traditional UAV VLN,High,,,1910.13174v1,,,,https://arxiv.org/abs/1910.13174v1,https://arxiv.org/pdf/1910.13174v1,,,"""UAV"" AND ""visual navigation"""
9d51efbfeb54,Air Learning: A Deep Reinforcement Learning Gym for Autonomous Aerial Robot Visual Navigation,Srivatsan Krishnan; Behzad Boroujerdian; William Fu; Aleksandra Faust; Vijay Janapa Reddi,2019-06-02,2019,arXiv,Traditional UAV VLN,High,,,1906.00421v5,,,,https://arxiv.org/abs/1906.00421v5,https://arxiv.org/pdf/1906.00421v5,,,"""UAV"" AND ""visual navigation"""
c2b7a5eb7b8d,An Open Source and Open Hardware Deep Learning-powered Visual Navigation Engine for Autonomous Nano-UAVs,Daniele Palossi; Francesco Conti; Luca Benini,2019-05-10,2019,arXiv,Traditional UAV VLN,High,,,1905.04166v1,,,,https://arxiv.org/abs/1905.04166v1,https://arxiv.org/pdf/1905.04166v1,,,"""UAV"" AND ""visual navigation"""
cee30531dec3,On-board visual navigation system for unmanned aerial vehicles autonomous aerial refueling,Yan Xu; H. Duan; Cong Li; Yimin Deng,2019-03-01,2019,Unknown,Traditional UAV VLN,High,9,SemanticScholar,,d4ba333f7a9575b257a6b3cd4409b5f4e42c01fd,,10.1177/0954410017748182,https://www.semanticscholar.org/paper/d4ba333f7a9575b257a6b3cd4409b5f4e42c01fd,,,,unmanned aerial vehicle visual navigation
3cad7ca14b7f,SLAMBench2: Multi-Objective Head-to-Head Benchmarking for Visual SLAM,Bruno Bodin; Harry Wagstaff; Sajad Saeedi; Luigi Nardi; Emanuele Vespa; John H Mayer; Andy Nisbet; Mikel Luján; Steve Furber; Andrew J Davison; Paul H. J. Kelly; Michael O'Boyle,2018-08-21,2018,ICRA,Datasets & Simulators; Traditional UAV VLN,High,,,1808.06820v1,,,,https://arxiv.org/abs/1808.06820v1,https://arxiv.org/pdf/1808.06820v1,,,"""UAV"" AND ""SLAM"" AND ""navigation"""
2930c9677db4,Accurate indoor mapping using an autonomous unmanned aerial vehicle (UAV),Lachlan Dowling; Tomas Poblete; Isaac Hook; Hao Tang; Ying Tan; Will Glenn; Ranjith R Unnithan,2018-07-31,2018,arXiv,Traditional UAV VLN,High,,,1808.01940v1,,,,https://arxiv.org/abs/1808.01940v1,https://arxiv.org/pdf/1808.01940v1,,,"""UAV"" AND ""SLAM"" AND ""navigation"""
c2e53ab0aed2,Autonomous visual navigation in an unmanned aerial vehicle onboard system,А.О. Комаров; М.А. Скворцова; О.В. Орешкова,2017-06-01,2017,Unknown,Traditional UAV VLN,High,0,SemanticScholar,,b6cd1bdecbd0120aaedfbab116033ce668e02623,,10.18698/2541-8009-2017-6-110,https://www.semanticscholar.org/paper/b6cd1bdecbd0120aaedfbab116033ce668e02623,https://doi.org/10.18698/2541-8009-2017-6-110,,,unmanned aerial vehicle visual navigation
936c31ac52cd,Effective Target Aware Visual Navigation for UAVs,Ciro Potena; Daniele Nardi; Alberto Pretto,2017-05-31,2017,arXiv,Traditional UAV VLN,High,,,1705.10960v3,,,,https://arxiv.org/abs/1705.10960v3,https://arxiv.org/pdf/1705.10960v3,,,"""UAV"" AND ""visual navigation"""
18d80f74a5c3,Google Map Aided Visual Navigation for UAVs in GPS-denied Environment,Mo Shan; Fei Wang; Feng Lin; Zhi Gao; Ya Z. Tang; Ben M. Chen,2017-03-29,2017,arXiv,Traditional UAV VLN,High,,,1703.10125v1,,,,https://arxiv.org/abs/1703.10125v1,https://arxiv.org/pdf/1703.10125v1,,,"""UAV"" AND ""visual navigation"""
b9df19ba40b0,"Design, Control and Visual Navigation of the DelftaCopter",Christophe De Wagter; Rick Ruijsink; Ewoud Smeur; Kevin van Hecke; Freek van Tienen; Erik van der Horst; Bart Remes,2017-01-03,2017,arXiv,Traditional UAV VLN,High,,,1701.00860v1,,,,https://arxiv.org/abs/1701.00860v1,https://arxiv.org/pdf/1701.00860v1,,,"""UAV"" AND ""visual navigation"""
697414dca91b,A low-cost visual navigation and mapping system for Unmanned Aerial Vehicle using LSD-SLAM algorithm,S. Anandharaman; M. Sudhakaran; R. Seyezhai,2016-11-01,2016,Online International Conference on Green Engineering and Technologies,Traditional UAV VLN,High,5,SemanticScholar,,5d443d6608ba773a21fc75c8ae50117bad809d6c,,10.1109/GET.2016.7916802,https://www.semanticscholar.org/paper/5d443d6608ba773a21fc75c8ae50117bad809d6c,,,,unmanned aerial vehicle visual navigation
86b5b2e55073,Autonomous visual navigation of Unmanned Aerial Vehicle for wind turbine inspection,Martin Stokkeland; Kristian Klausen; T. Johansen,2015-06-09,2015,International Conference on Unmanned Aircraft Systems,Traditional UAV VLN,High,99,SemanticScholar,,70b89abf5f13d2a77e09a3b249a753f280accdf4,,10.1109/ICUAS.2015.7152389,https://www.semanticscholar.org/paper/70b89abf5f13d2a77e09a3b249a753f280accdf4,,,,unmanned aerial vehicle visual navigation
a975183eea5a,Unmanned aerial vehicle visual navigation method based on camera head calibration algorithm,成怡,2013-12-09,2013,Unknown,Traditional UAV VLN,High,0,SemanticScholar,,c25e2028fb8cb2c6340c2e360c4159ffb05ef947,,,https://www.semanticscholar.org/paper/c25e2028fb8cb2c6340c2e360c4159ffb05ef947,,,,unmanned aerial vehicle visual navigation
